{
  "phase1": {
    "train_loss": [
      0.7962887029756199,
      0.7662976451895454,
      0.7368223775516857,
      0.7049395997415889,
      0.681044883348725,
      0.648266158320687,
      0.6245773055336692,
      0.6120708320628513,
      0.6035524274815213,
      0.5862563367594372
    ],
    "val_loss": [
      0.8486709833145142,
      0.7857601881027222,
      0.7681184887886048,
      0.7417719721794128,
      0.7135575234889984,
      0.6999747514724731,
      0.6731102645397187,
      0.6533055663108825,
      0.6266787946224213,
      0.6187960386276246
    ],
    "train_acc": [
      22.714285714285715,
      42.57142857142857,
      35.642857142857146,
      41.92857142857143,
      41.714285714285715,
      44.57142857142857,
      45.285714285714285,
      36.642857142857146,
      56.642857142857146,
      36.857142857142854
    ],
    "val_acc": [
      56.666666666666664,
      15.333333333333334,
      57.0,
      26.333333333333332,
      50.333333333333336,
      37.0,
      29.666666666666668,
      52.666666666666664,
      29.0,
      53.666666666666664
    ]
  },
  "phase2": {
    "train_loss": [
      0.826696282083338,
      0.7592675428498875,
      0.7461545657027852,
      0.7118216373703696,
      0.7027602419257164,
      0.6842758587815545,
      0.648299981247295,
      0.644671456380324,
      0.6160875450481068,
      0.5799594047394666,
      0.5618102509867061,
      0.5411821420897137,
      0.5191081471063874,
      0.5071050727909262,
      0.487982071258805,
      0.47622994401238183,
      0.46291742338375613,
      0.4562480619007891,
      0.4521949501200156,
      0.4494399953294884
    ],
    "val_loss": [
      0.7847164750099183,
      0.7548367857933045,
      0.7359825551509858,
      0.7169934630393981,
      0.6940958380699158,
      0.668468588590622,
      0.6454472541809082,
      0.607979691028595,
      0.5787135541439057,
      0.553824496269226,
      0.5320753574371337,
      0.5139433771371842,
      0.5000622242689132,
      0.48872104585170745,
      0.4791509836912155,
      0.4710316628217697,
      0.46545280814170836,
      0.4597963750362396,
      0.4535896390676498,
      0.44903949499130247
    ],
    "train_acc": [
      24.571428571428573,
      23.142857142857142,
      22.642857142857142,
      26.285714285714285,
      30.571428571428573,
      31.142857142857142,
      37.92857142857143,
      39.214285714285715,
      40.92857142857143,
      43.42857142857143,
      45.857142857142854,
      46.42857142857143,
      48.42857142857143,
      47.785714285714285,
      51.42857142857143,
      51.92857142857143,
      52.857142857142854,
      53.857142857142854,
      54.57142857142857,
      53.285714285714285
    ],
    "val_acc": [
      24.0,
      24.333333333333332,
      24.333333333333332,
      28.0,
      30.333333333333332,
      32.666666666666664,
      34.0,
      35.666666666666664,
      39.666666666666664,
      40.0,
      41.666666666666664,
      44.666666666666664,
      45.0,
      47.666666666666664,
      52.0,
      53.0,
      52.666666666666664,
      55.333333333333336,
      55.333333333333336,
      58.666666666666664
    ]
  }
}